  step          time          temperature          energy_tot          energy_kin          energy_pot
   1             0.50              91.88          -149.906944            0.002619         -149.909563
   2             1.00             178.74          -149.906954            0.005094         -149.912048
   3             1.50             317.54          -149.907064            0.009050         -149.916114
   4             2.00             455.09          -149.907214            0.012971         -149.920185
   5             2.50             551.56          -149.907357            0.015720         -149.923077
   6             3.00             595.49          -149.907476            0.016972         -149.924448
   7             3.50             599.36          -149.907580            0.017083         -149.924663
   8             4.00             585.28          -149.907687            0.016681         -149.924368
   9             4.50             571.01          -149.907809            0.016274         -149.924084
  10             5.00             562.06          -149.907952            0.016019         -149.923971
  11             5.50             550.78          -149.908105            0.015698         -149.923802
  12             6.00             521.84          -149.908240            0.014873         -149.923113
  13             6.50             462.52          -149.908321            0.013182         -149.921504
  14             7.00             374.26          -149.908318            0.010667         -149.918985
  15             7.50             279.68          -149.908235            0.007971         -149.916206
  16             8.00             217.64          -149.908123            0.006203         -149.914326
  17             8.50             224.40          -149.908064            0.006396         -149.914460
  18             9.00             309.99          -149.908119            0.008835         -149.916955
  19             9.50             447.89          -149.908285            0.012766         -149.921050
  20            10.00             589.90          -149.908507            0.016813         -149.925320
  21            10.50             693.97          -149.908732            0.019779         -149.928511
  22            11.00             743.18          -149.908932            0.021182         -149.930113
  23            11.50             746.34          -149.909107            0.021272         -149.930379
  24            12.00             726.08          -149.909274            0.020694         -149.929969
  25            12.50             704.21          -149.909452            0.020071         -149.929523
  26            13.00             691.23          -149.909651            0.019701         -149.929352
  27            13.50             682.45          -149.909868            0.019451         -149.929319
  28            14.00             661.52          -149.910081            0.018854         -149.928935
  29            14.50             610.69          -149.910247            0.017405         -149.927652
  30            15.00             525.05          -149.910325            0.014964         -149.925289
  31            15.50             423.74          -149.910307            0.012077         -149.922384
  32            16.00             347.88          -149.910245            0.009915         -149.920161
  33            16.50             339.89          -149.910232            0.009687         -149.919920
  34            17.00             414.47          -149.910339            0.011813         -149.922152
  35            17.50             544.86          -149.910559            0.015529         -149.926089
  36            18.00             678.72          -149.910832            0.019344         -149.930177
  37            18.50             769.99          -149.911095            0.021946         -149.933041
  38            19.00             800.49          -149.911319            0.022815         -149.934134
  39            19.50             780.15          -149.911507            0.022235         -149.933742
  40            20.00             733.65          -149.911673            0.020910         -149.932583
  41            20.50             685.23          -149.911835            0.019530         -149.931365
  42            21.00             648.64          -149.912005            0.018487         -149.930492
  43            21.50             623.69          -149.912185            0.017776         -149.929960
  44            22.00             598.80          -149.912360            0.017067         -149.929427
  45            22.50             558.69          -149.912505            0.015923         -149.928428
  46            23.00             495.27          -149.912587            0.014116         -149.926703
  47            23.50             417.97          -149.912591            0.011913         -149.924504
  48            24.00             355.80          -149.912547            0.010141         -149.922688
  49            24.50             344.70          -149.912529            0.009825         -149.922353
  50            25.00             403.39          -149.912609            0.011497         -149.924106
  51            25.50             515.70          -149.912799            0.014698         -149.927497
  52            26.00             637.65          -149.913051            0.018174         -149.931225
  53            26.50             724.20          -149.913300            0.020641         -149.933941
  54            27.00             752.68          -149.913511            0.021452         -149.934964
  55            27.50             728.06          -149.913677            0.020751         -149.934428
  56            28.00             673.33          -149.913810            0.019191         -149.933001
  57            28.50             615.00          -149.913929            0.017528         -149.931457
  58            29.00             571.32          -149.914054            0.016283         -149.930337
  59            29.50             546.39          -149.914192            0.015573         -149.929765
  60            30.00             530.46          -149.914338            0.015119         -149.929457
  61            30.50             506.74          -149.914467            0.014443         -149.928910
  62            31.00             462.92          -149.914543            0.013194         -149.927737
  63            31.50             403.38          -149.914548            0.011497         -149.926045
  64            32.00             353.49          -149.914506            0.010075         -149.924581
  65            32.50             348.26          -149.914486            0.009926         -149.924412
  66            33.00             407.94          -149.914564            0.011627         -149.926190
  67            33.50             518.66          -149.914754            0.014782         -149.929536
  68            34.00             637.32          -149.915008            0.018164         -149.933173
  69            34.50             717.61          -149.915259            0.020453         -149.935712
  70            35.00             734.90          -149.915462            0.020946         -149.936407
  71            35.50             693.87          -149.915606            0.019776         -149.935382
  72            36.00             619.95          -149.915703            0.017669         -149.933373
  73            36.50             544.16          -149.915778            0.015509         -149.931288
  74            37.00             489.87          -149.915855            0.013962         -149.929817
  75            37.50             465.08          -149.915951            0.013255         -149.929206
  76            38.00             461.42          -149.916067            0.013151         -149.929218
  77            38.50             459.78          -149.916183            0.013104         -149.929287
  78            39.00             441.78          -149.916264            0.012591         -149.928856
  79            39.50             403.49          -149.916283            0.011500         -149.927783
  80            40.00             363.60          -149.916248            0.010363         -149.926611
  81            40.50             356.05          -149.916222            0.010148         -149.926370
  82            41.00             406.28          -149.916284            0.011580         -149.927863
  83            41.50             507.53          -149.916462            0.014465         -149.930927
  84            42.00             620.00          -149.916712            0.017671         -149.934383
  85            42.50             695.37          -149.916960            0.019819         -149.936779
  86            43.00             705.04          -149.917152            0.020095         -149.937247
  87            43.50             652.04          -149.917272            0.018584         -149.935856
  88            44.00             563.96          -149.917334            0.016074         -149.933408
  89            44.50             476.52          -149.917368            0.013582         -149.930949
  90            45.00             417.85          -149.917405            0.011909         -149.929314
  91            45.50             398.66          -149.917469            0.011362         -149.928832
  92            46.00             410.00          -149.917568            0.011686         -149.929253
  93            46.50             428.68          -149.917681            0.012218         -149.929899
  94            47.00             429.78          -149.917770            0.012249         -149.930019
  95            47.50             402.91          -149.917796            0.011483         -149.929279
  96            48.00             363.28          -149.917759            0.010354         -149.928113
  97            48.50             346.26          -149.917719            0.009869         -149.927588
  98            49.00             382.49          -149.917760            0.010901         -149.928661
  99            49.50             470.19          -149.917918            0.013401         -149.931319
 100            50.00             570.74          -149.918150            0.016267         -149.934417
 101            50.50             633.56          -149.918372            0.018057         -149.936429
 102            51.00             628.21          -149.918523            0.017905         -149.936428
 103            51.50             558.91          -149.918589            0.015930         -149.934519
 104            52.00             456.91          -149.918591            0.013023         -149.931614
 105            52.50             361.80          -149.918564            0.010312         -149.928876
 106            53.00             303.98          -149.918545            0.008664         -149.927209
 107            53.50             294.35          -149.918562            0.008389         -149.926951
 108            54.00             322.16          -149.918624            0.009182         -149.927806
 109            54.50             360.75          -149.918712            0.010282         -149.928994
 110            55.00             380.73          -149.918785            0.010851         -149.929637
 111            55.50             367.29          -149.918800            0.010468         -149.929268
 112            56.00             332.85          -149.918748            0.009487         -149.928235
 113            56.50             313.10          -149.918685            0.008924         -149.927608
 114            57.00             341.88          -149.918698            0.009744         -149.928442
 115            57.50             421.02          -149.918831            0.012000         -149.930830
 116            58.00             513.10          -149.919037            0.014624         -149.933661
 117            58.50             566.62          -149.919228            0.016149         -149.935377
 118            59.00             550.81          -149.919339            0.015699         -149.935037
 119            59.50             471.66          -149.919356            0.013443         -149.932799
 120            60.00             363.62          -149.919307            0.010364         -149.929671
 121            60.50             269.12          -149.919233            0.007670         -149.926903
 122            61.00             219.71          -149.919175            0.006262         -149.925437
 123            61.50             225.21          -149.919166            0.006419         -149.925585
 124            62.00             271.43          -149.919213            0.007736         -149.926949
 125            62.50             326.55          -149.919294            0.009307         -149.928601
 126            63.00             356.35          -149.919361            0.010156         -149.929517
 127            63.50             344.01          -149.919361            0.009805         -149.929165
 128            64.00             304.18          -149.919285            0.008669         -149.927955
 129            64.50             277.65          -149.919197            0.007913         -149.927111
 130            65.00             302.50          -149.919192            0.008622         -149.927814
 131            65.50             380.41          -149.919313            0.010842         -149.930156
 132            66.00             470.09          -149.919505            0.013398         -149.932903
 133            66.50             517.02          -149.919668            0.014736         -149.934404
 134            67.00             491.45          -149.919740            0.014007         -149.933747
 135            67.50             403.64          -149.919715            0.011504         -149.931219
 136            68.00             292.26          -149.919627            0.008330         -149.927957
 137            68.50             201.73          -149.919520            0.005750         -149.925270
 138            69.00             163.11          -149.919439            0.004649         -149.924088
 139            69.50             184.13          -149.919415            0.005248         -149.924663
 140            70.00             247.59          -149.919457            0.007057         -149.926513
 141            70.50             318.37          -149.919539            0.009074         -149.928613
 142            71.00             359.34          -149.919611            0.010242         -149.929853
 143            71.50             351.71          -149.919616            0.010024         -149.929640
 144            72.00             309.69          -149.919540            0.008826         -149.928367
 145            72.50             275.69          -149.919445            0.007858         -149.927303
 146            73.00             290.69          -149.919431            0.008285         -149.927716
 147            73.50             358.39          -149.919542            0.010215         -149.929756
 148            74.00             437.72          -149.919718            0.012475         -149.932193
 149            74.50             474.23          -149.919857            0.013516         -149.933374
 150            75.00             439.91          -149.919899            0.012538         -149.932437
 151            75.50             347.72          -149.919843            0.009911         -149.929754
 152            76.00             238.29          -149.919729            0.006792         -149.926520
 153            76.50             156.10          -149.919603            0.004449         -149.924052
 154            77.00             130.43          -149.919512            0.003718         -149.923230
 155            77.50             166.10          -149.919487            0.004734         -149.924221
 156            78.00             242.11          -149.919532            0.006900         -149.926432
 157            78.50             320.10          -149.919618            0.009123         -149.928741
 158            79.00             361.96          -149.919688            0.010316         -149.930005
 159            79.50             350.74          -149.919686            0.009996         -149.929683
 160            80.00             304.14          -149.919603            0.008668         -149.928272
 161            80.50             267.21          -149.919505            0.007616         -149.927121
 162            81.00             280.60          -149.919491            0.007997         -149.927489
 163            81.50             345.23          -149.919600            0.009840         -149.929440
 164            82.00             417.81          -149.919764            0.011908         -149.931672
 165            82.50             444.88          -149.919880            0.012680         -149.932560
 166            83.00             402.22          -149.919895            0.011464         -149.931359
 167            83.50             306.72          -149.919815            0.008742         -149.928557
 168            84.00             200.76          -149.919683            0.005722         -149.925405
 169            84.50             128.01          -149.919549            0.003648         -149.923197
 170            85.00             115.44          -149.919456            0.003290         -149.922746
 171            85.50             165.19          -149.919435            0.004708         -149.924143
 172            86.00             253.50          -149.919489            0.007225         -149.926714
 173            86.50             339.93          -149.919587            0.009688         -149.929275
 174            87.00             385.11          -149.919670            0.010976         -149.930646
 175            87.50             371.47          -149.919678            0.010587         -149.930265
 176            88.00             317.11          -149.919597            0.009038         -149.928635
 177            88.50             268.95          -149.919494            0.007665         -149.927160
 178            89.00             270.13          -149.919473            0.007699         -149.927172
 179            89.50             323.38          -149.919570            0.009217         -149.928787
 180            90.00             386.51          -149.919716            0.011016         -149.930732
 181            90.50             407.54          -149.919811            0.011615         -149.931427
 182            91.00             363.88          -149.919806            0.010371         -149.930177
 183            91.50             272.94          -149.919712            0.007779         -149.927491
 184            92.00             176.01          -149.919572            0.005016         -149.924588
 185            92.50             114.54          -149.919436            0.003265         -149.922700
 186            93.00             113.11          -149.919346            0.003224         -149.922570
 187            93.50             171.68          -149.919331            0.004893         -149.924224
 188            94.00             265.06          -149.919390            0.007555         -149.926945
 189            94.50             352.78          -149.919493            0.010055         -149.929548
 190            95.00             396.54          -149.919580            0.011302         -149.930882
 191            95.50             380.03          -149.919591            0.010831         -149.930422
 192            96.00             322.07          -149.919513            0.009179         -149.928693
 193            96.50             269.44          -149.919412            0.007680         -149.927091
 194            97.00             264.69          -149.919388            0.007544         -149.926932
 195            97.50             310.23          -149.919477            0.008842         -149.928319
 196            98.00             364.92          -149.919607            0.010401         -149.930007
 197            98.50             379.37          -149.919682            0.010813         -149.930494
 198            99.00             333.79          -149.919658            0.009513         -149.929172
 199            99.50             246.95          -149.919553            0.007039         -149.926591
 200           100.00             159.46          -149.919409            0.004545         -149.923953
 201           100.50             110.52          -149.919276            0.003150         -149.922425
 202           101.00             122.00          -149.919195            0.003477         -149.922672
 203           101.50             191.25          -149.919192            0.005451         -149.924643
 204           102.00             291.15          -149.919266            0.008298         -149.927564
 205           102.50             380.40          -149.919382            0.010842         -149.930224
 206           103.00             420.63          -149.919480            0.011989         -149.931469
 207           103.50             396.03          -149.919497            0.011287         -149.930784
 208           104.00             326.80          -149.919417            0.009314         -149.928731
 209           104.50             261.84          -149.919309            0.007463         -149.926771
 210           105.00             245.72          -149.919273            0.007003         -149.926276
 211           105.50             282.70          -149.919345            0.008057         -149.927402
 212           106.00             333.56          -149.919457            0.009507         -149.928964
 213           106.50             350.04          -149.919519            0.009977         -149.929496
 214           107.00             311.69          -149.919490            0.008884         -149.928373
 215           107.50             235.03          -149.919383            0.006699         -149.926082
 216           108.00             158.02          -149.919242            0.004504         -149.923746
 217           108.50             117.96          -149.919114            0.003362         -149.922476
 218           109.00             135.82          -149.919041            0.003871         -149.922912
 219           109.50             208.72          -149.919046            0.005949         -149.924994
 220           110.00             309.96          -149.919128            0.008834         -149.927962
 221           110.50             398.67          -149.919254            0.011363         -149.930616
 222           111.00             436.43          -149.919360            0.012439         -149.931798
 223           111.50             407.29          -149.919381            0.011608         -149.930989
 224           112.00             331.82          -149.919302            0.009457         -149.928759
 225           112.50             259.55          -149.919191            0.007398         -149.926589
 226           113.00             235.52          -149.919149            0.006713         -149.925862
 227           113.50             264.69          -149.919209            0.007544         -149.926753
 228           114.00             309.69          -149.919304            0.008827         -149.928130
 229           114.50             324.79          -149.919350            0.009257         -149.928607
 230           115.00             291.18          -149.919311            0.008299         -149.927610
 231           115.50             224.97          -149.919204            0.006412         -149.925615
 232           116.00             161.74          -149.919071            0.004610         -149.923681
 233           116.50             135.54          -149.918958            0.003863         -149.922821
 234           117.00             164.08          -149.918902            0.004676         -149.923578
 235           117.50             241.87          -149.918924            0.006894         -149.925818
 236           118.00             341.33          -149.919021            0.009728         -149.928749
 237           118.50             422.50          -149.919154            0.012042         -149.931196
 238           119.00             449.25          -149.919260            0.012804         -149.932065
 239           119.50             408.58          -149.919278            0.011645         -149.930923
 240           120.00             323.32          -149.919194            0.009215         -149.928409
 241           120.50             243.59          -149.919077            0.006942         -149.926019
 242           121.00             214.10          -149.919024            0.006102         -149.925126
 243           121.50             240.59          -149.919068            0.006857         -149.925925
 244           122.00             287.27          -149.919152            0.008188         -149.927339
 245           122.50             308.77          -149.919193            0.008800         -149.927994
 246           123.00             284.54          -149.919156            0.008110         -149.927265
 247           123.50             228.16          -149.919054            0.006503         -149.925557
 248           124.00             173.42          -149.918928            0.004943         -149.923871
 249           124.50             153.61          -149.918824            0.004378         -149.923202
 250           125.00             186.23          -149.918779            0.005308         -149.924087
 251           125.50             265.57          -149.918814            0.007569         -149.926384
 252           126.00             363.71          -149.918922            0.010366         -149.929288
 253           126.50             440.49          -149.919063            0.012554         -149.931618
 254           127.00             460.44          -149.919171            0.013123         -149.932295
 255           127.50             412.31          -149.919186            0.011751         -149.930938
 256           128.00             320.44          -149.919101            0.009133         -149.928234
 257           128.50             234.91          -149.918982            0.006695         -149.925677
 258           129.00             199.47          -149.918920            0.005685         -149.924606
 259           129.50             220.43          -149.918949            0.006283         -149.925232
 260           130.00             264.88          -149.919015            0.007550         -149.926565
 261           130.50             290.41          -149.919047            0.008277         -149.927324
 262           131.00             277.09          -149.919010            0.007898         -149.926908
 263           131.50             236.16          -149.918920            0.006731         -149.925651
 264           132.00             197.10          -149.918815            0.005618         -149.924432
 265           132.50             188.72          -149.918734            0.005379         -149.924113
 266           133.00             225.05          -149.918710            0.006414         -149.925125
 267           133.50             299.11          -149.918759            0.008525         -149.927284
 268           134.00             384.74          -149.918869            0.010965         -149.929834
 269           134.50             446.04          -149.919003            0.012713         -149.931715
 270           135.00             452.75          -149.919100            0.012904         -149.932004
 271           135.50             397.15          -149.919108            0.011319         -149.930427
 272           136.00             303.48          -149.919021            0.008650         -149.927670
 273           136.50             218.64          -149.918900            0.006231         -149.925131
 274           137.00             183.53          -149.918831            0.005231         -149.924062
 275           137.50             204.56          -149.918847            0.005830         -149.924677
 276           138.00             250.85          -149.918904            0.007149         -149.926054
 277           138.50             281.39          -149.918932            0.008020         -149.926952
 278           139.00             275.93          -149.918898            0.007864         -149.926762
 279           139.50             244.18          -149.918816            0.006960         -149.925775
 280           140.00             213.84          -149.918722            0.006095         -149.924816
 281           140.50             211.95          -149.918655            0.006041         -149.924696
 282           141.00             251.00          -149.918646            0.007154         -149.925800
 283           141.50             323.02          -149.918706            0.009206         -149.927912
 284           142.00             402.11          -149.918821            0.011461         -149.930282
 285           142.50             454.26          -149.918953            0.012947         -149.931900
 286           143.00             452.06          -149.919044            0.012884         -149.931929
 287           143.50             390.06          -149.919048            0.011117         -149.930165
 288           144.00             292.59          -149.918958            0.008339         -149.927298
 289           144.50             204.77          -149.918833            0.005836         -149.924669
 290           145.00             166.46          -149.918752            0.004744         -149.923496
 291           145.50             185.78          -149.918752            0.005295         -149.924047
 292           146.00             235.25          -149.918798            0.006705         -149.925503
 293           146.50             275.72          -149.918826            0.007858         -149.926684
 294           147.00             285.37          -149.918805            0.008133         -149.926939
 295           147.50             269.48          -149.918746            0.007680         -149.926426
 296           148.00             250.34          -149.918677            0.007135         -149.925812
 297           148.50             250.87          -149.918633            0.007150         -149.925783
 298           149.00             282.23          -149.918635            0.008044         -149.926679
 299           149.50             338.68          -149.918693            0.009653         -149.928346
 300           150.00             399.58          -149.918795            0.011389         -149.930184
 301           150.50             437.13          -149.918910            0.012459         -149.931369
 302           151.00             428.32          -149.918989            0.012208         -149.931197
 303           151.50             367.95          -149.918989            0.010487         -149.929477
 304           152.00             276.40          -149.918903            0.007878         -149.926781
 305           152.50             193.42          -149.918778            0.005513         -149.924291
 306           153.00             155.87          -149.918690            0.004443         -149.923132
 307           153.50             173.12          -149.918676            0.004934         -149.923610
 308           154.00             221.84          -149.918708            0.006323         -149.925031
 309           154.50             266.39          -149.918731            0.007593         -149.926324
 310           155.00             285.24          -149.918716            0.008130         -149.926846
 311           155.50             280.81          -149.918670            0.008003         -149.926674
 312           156.00             271.36          -149.918619            0.007734         -149.926353
 313           156.50             276.58          -149.918589            0.007883         -149.926472
 314           157.00             306.31          -149.918601            0.008730         -149.927331
 315           157.50             355.68          -149.918662            0.010137         -149.928799
 316           158.00             406.51          -149.918762            0.011586         -149.930348
 317           158.50             434.01          -149.918870            0.012370         -149.931240
 318           159.00             417.57          -149.918941            0.011901         -149.930842
 319           159.50             352.92          -149.918934            0.010059         -149.928993
 320           160.00             259.97          -149.918842            0.007409         -149.926251
 321           160.50             177.42          -149.918709            0.005057         -149.923766
 322           161.00             141.84          -149.918612            0.004043         -149.922654
 323           161.50             163.73          -149.918590            0.004667         -149.923257
 324           162.00             221.07          -149.918623            0.006301         -149.924924
 325           162.50             277.74          -149.918657            0.007916         -149.926573
 326           163.00             309.20          -149.918663            0.008813         -149.927476
 327           163.50             313.36          -149.918641            0.008931         -149.927572
 328           164.00             304.60          -149.918609            0.008682         -149.927290
 329           164.50             301.37          -149.918587            0.008589         -149.927177
 330           165.00             315.61          -149.918595            0.008995         -149.927591
 331           165.50             347.28          -149.918642            0.009898         -149.928540
 332           166.00             383.92          -149.918723            0.010942         -149.929665
 333           166.50             404.99          -149.918815            0.011543         -149.930358
 334           167.00             390.74          -149.918879            0.011137         -149.930015
 335           167.50             334.00          -149.918873            0.009519         -149.928392
 336           168.00             249.38          -149.918785            0.007108         -149.925893
 337           168.50             170.79          -149.918653            0.004868         -149.923520
 338           169.00             133.43          -149.918544            0.003803         -149.922347
 339           169.50             151.23          -149.918505            0.004310         -149.922815
 340           170.00             208.17          -149.918524            0.005933         -149.924458
 341           170.50             271.55          -149.918560            0.007740         -149.926300
 342           171.00             314.90          -149.918579            0.008975         -149.927555
 343           171.50             330.82          -149.918575            0.009429         -149.928004
 344           172.00             328.93          -149.918557            0.009375         -149.927932
 345           172.50             325.72          -149.918546            0.009283         -149.927829
 346           173.00             333.91          -149.918558            0.009517         -149.928075
 347           173.50             355.74          -149.918604            0.010139         -149.928743
 348           174.00             381.32          -149.918679            0.010868         -149.929547
 349           174.50             392.39          -149.918761            0.011184         -149.929945
 350           175.00             371.30          -149.918811            0.010582         -149.929393
 351           175.50             312.60          -149.918792            0.008910         -149.927702
 352           176.00             231.45          -149.918697            0.006597         -149.925294
 353           176.50             160.39          -149.918565            0.004571         -149.923136
 354           177.00             132.14          -149.918459            0.003766         -149.922226
 355           177.50             158.78          -149.918425            0.004525         -149.922950
 356           178.00             223.55          -149.918452            0.006372         -149.924824
 357           178.50             293.25          -149.918502            0.008358         -149.926860
 358           179.00             339.98          -149.918538            0.009690         -149.928228
 359           179.50             354.33          -149.918548            0.010099         -149.928647
 360           180.00             344.86          -149.918537            0.009829         -149.928366
 361           180.50             329.07          -149.918522            0.009379         -149.927901
 362           181.00             322.79          -149.918522            0.009200         -149.927722
 363           181.50             332.34          -149.918550            0.009472         -149.928022
 364           182.00             351.32          -149.918608            0.010013         -149.928621
 365           182.50             363.11          -149.918677            0.010349         -149.929026
 366           183.00             349.03          -149.918722            0.009948         -149.928670
 367           183.50             300.24          -149.918707            0.008557         -149.927264
 368           184.00             227.19          -149.918618            0.006475         -149.925093
 369           184.50             158.84          -149.918485            0.004527         -149.923012
 370           185.00             128.04          -149.918369            0.003649         -149.922018
 371           185.50             151.30          -149.918320            0.004312         -149.922632
 372           186.00             217.42          -149.918341            0.006197         -149.924538
 373           186.50             294.85          -149.918398            0.008404         -149.926802
 374           187.00             352.38          -149.918450            0.010043         -149.928494
 375           187.50             375.44          -149.918477            0.010701         -149.929177
 376           188.00             369.00          -149.918479            0.010517         -149.928996
 377           188.50             349.66          -149.918471            0.009966         -149.928437
 378           189.00             334.33          -149.918472            0.009529         -149.928001
 379           189.50             331.43          -149.918495            0.009446         -149.927941
 380           190.00             337.40          -149.918539            0.009616         -149.928155
 381           190.50             339.13          -149.918589            0.009666         -149.928254
 382           191.00             321.60          -149.918616            0.009166         -149.927782
 383           191.50             278.05          -149.918591            0.007925         -149.926515
 384           192.00             217.54          -149.918506            0.006200         -149.924706
 385           192.50             164.02          -149.918387            0.004675         -149.923062
 386           193.00             144.52          -149.918285            0.004119         -149.922404
 387           193.50             172.52          -149.918244            0.004917         -149.923161
 388           194.00             237.81          -149.918269            0.006778         -149.925047
 389           194.50             311.68          -149.918332            0.008883         -149.927216
 390           195.00             364.51          -149.918392            0.010389         -149.928781
 391           195.50             381.47          -149.918424            0.010873         -149.929296
 392           196.00             366.95          -149.918425            0.010459         -149.928883
 393           196.50             338.01          -149.918408            0.009634         -149.928042
 394           197.00             313.37          -149.918395            0.008931         -149.927326
 395           197.50             303.93          -149.918400            0.008662         -149.927063
 396           198.00             308.36          -149.918428            0.008789         -149.927217
 397           198.50             314.51          -149.918468            0.008964         -149.927432
 398           199.00             306.34          -149.918494            0.008731         -149.927225
 399           199.50             273.91          -149.918476            0.007807         -149.926283
 400           200.00             222.04          -149.918400            0.006328         -149.924729
 401           200.50             171.44          -149.918285            0.004886         -149.923172
 402           201.00             149.41          -149.918177            0.004259         -149.922436
 403           201.50             173.58          -149.918126            0.004947         -149.923073
 404           202.00             238.82          -149.918148            0.006807         -149.924955
 405           202.50             318.36          -149.918219            0.009074         -149.927293
 406           203.00             379.79          -149.918296            0.010824         -149.929121
 407           203.50             403.20          -149.918346            0.011492         -149.929838
 408           204.00             388.86          -149.918359            0.011083         -149.929442
 409           204.50             352.58          -149.918347            0.010049         -149.928396
 410           205.00             314.77          -149.918327            0.008971         -149.927298
 411           205.50             290.17          -149.918316            0.008270         -149.926586
 412           206.00             282.34          -149.918322            0.008047         -149.926369
 413           206.50             283.74          -149.918341            0.008087         -149.926428
 414           207.00             280.97          -149.918355            0.008008         -149.926363
 415           207.50             263.08          -149.918341            0.007498         -149.925839
 416           208.00             229.45          -149.918284            0.006540         -149.924824
 417           208.50             193.14          -149.918191            0.005505         -149.923696
 418           209.00             175.88          -149.918096            0.005013         -149.923109
 419           209.50             195.36          -149.918045            0.005568         -149.923613
 420           210.00             251.34          -149.918063            0.007164         -149.925227
 421           210.50             322.21          -149.918134            0.009183         -149.927318
 422           211.00             377.44          -149.918213            0.010758         -149.928971
 423           211.50             396.04          -149.918263            0.011288         -149.929551
 424           212.00             376.70          -149.918271            0.010736         -149.929008
 425           212.50             334.87          -149.918248            0.009544         -149.927792
 426           213.00             292.08          -149.918214            0.008325         -149.926538
 427           213.50             265.09          -149.918187            0.007556         -149.925743
 428           214.00             259.30          -149.918181            0.007391         -149.925572
 429           214.50             267.91          -149.918195            0.007636         -149.925831
 430           215.00             276.30          -149.918213            0.007875         -149.926088
 431           215.50             270.15          -149.918211            0.007700         -149.925911
 432           216.00             244.48          -149.918169            0.006968         -149.925137
 433           216.50             209.35          -149.918082            0.005967         -149.924049
 434           217.00             187.44          -149.917983            0.005342         -149.923325
 435           217.50             201.42          -149.917923            0.005741         -149.923664
 436           218.00             256.55          -149.917941            0.007312         -149.925253
 437           218.50             332.53          -149.918025            0.009478         -149.927503
 438           219.00             394.70          -149.918124            0.011250         -149.929374
 439           219.50             415.98          -149.918190            0.011856         -149.930046
 440           220.00             391.55          -149.918203            0.011160         -149.929363
 441           220.50             337.82          -149.918173            0.009628         -149.927801
 442           221.00             280.61          -149.918122            0.007998         -149.926120
 443           221.50             241.91          -149.918076            0.006895         -149.924971
 444           222.00             231.48          -149.918052            0.006597         -149.924650
 445           222.50             244.59          -149.918055            0.006971         -149.925027
 446           223.00             265.65          -149.918076            0.007571         -149.925647
 447           223.50             276.12          -149.918089            0.007870         -149.925959
 448           224.00             264.77          -149.918067            0.007546         -149.925613
 449           224.50             236.13          -149.917998            0.006730         -149.924728
 450           225.00             211.20          -149.917904            0.006019         -149.923924
 451           225.50             215.61          -149.917841            0.006145         -149.923986
 452           226.00             259.71          -149.917854            0.007402         -149.925256
 453           226.50             326.95          -149.917934            0.009319         -149.927253
 454           227.00             383.57          -149.918031            0.010932         -149.928963
 455           227.50             401.56          -149.918092            0.011445         -149.929537
 456           228.00             374.94          -149.918098            0.010686         -149.928784
 457           228.50             319.65          -149.918058            0.009110         -149.927168
 458           229.00             261.98          -149.917996            0.007467         -149.925463
 459           229.50             225.12          -149.917940            0.006416         -149.924357
 460           230.00             219.91          -149.917911            0.006268         -149.924178
 461           230.50             241.66          -149.917916            0.006888         -149.924803
 462           231.00             272.99          -149.917946            0.007781         -149.925727
 463           231.50             292.08          -149.917974            0.008325         -149.926298
 464           232.00             284.52          -149.917964            0.008109         -149.926073
 465           232.50             254.12          -149.917898            0.007243         -149.925141
 466           233.00             224.53          -149.917802            0.006399         -149.924202
 467           233.50             225.64          -149.917739            0.006431         -149.924170
 468           234.00             270.29          -149.917760            0.007704         -149.925463
 469           234.50             340.43          -149.917855            0.009703         -149.927558
 470           235.00             398.17          -149.917964            0.011348         -149.929313
 471           235.50             412.20          -149.918030            0.011748         -149.929778
 472           236.00             376.65          -149.918030            0.010735         -149.928765
 473           236.50             310.71          -149.917977            0.008856         -149.926833
 474           237.00             244.84          -149.917901            0.006978         -149.924879
 475           237.50             205.28          -149.917833            0.005851         -149.923684
 476           238.00             203.78          -149.917798            0.005808         -149.923606
 477           238.50             234.43          -149.917805            0.006682         -149.924487
 478           239.00             277.06          -149.917843            0.007896         -149.925740
 479           239.50             306.48          -149.917883            0.008735         -149.926618
 480           240.00             305.52          -149.917887            0.008708         -149.926594
 481           240.50             276.38          -149.917833            0.007877         -149.925710
 482           241.00             242.45          -149.917745            0.006910         -149.924655
 483           241.50             234.55          -149.917682            0.006685         -149.924367
 484           242.00             267.95          -149.917694            0.007637         -149.925331
 485           242.50             328.20          -149.917778            0.009354         -149.927132
 486           243.00             380.32          -149.917878            0.010840         -149.928718
 487           243.50             393.57          -149.917938            0.011217         -149.929155
 488           244.00             360.49          -149.917934            0.010274         -149.928209
 489           244.50             298.31          -149.917877            0.008502         -149.926379
 490           245.00             236.60          -149.917796            0.006743         -149.924540
 491           245.50             201.73          -149.917726            0.005749         -149.923476
 492           246.00             205.71          -149.917693            0.005863         -149.923556
 493           246.50             242.18          -149.917706            0.006902         -149.924608
 494           247.00             289.76          -149.917752            0.008258         -149.926011
 495           247.50             322.28          -149.917800            0.009185         -149.926985
 496           248.00             322.60          -149.917810            0.009194         -149.927004
 497           248.50             293.70          -149.917764            0.008371         -149.926135
 498           249.00             259.30          -149.917685            0.007390         -149.925076
 499           249.50             249.88          -149.917630            0.007122         -149.924752
 500           250.00             280.40          -149.917648            0.007992         -149.925640
 501           250.50             336.62          -149.917735            0.009594         -149.927330
 502           251.00             383.71          -149.917836            0.010936         -149.928773
 503           251.50             391.19          -149.917893            0.011149         -149.929042
 504           252.00             352.74          -149.917881            0.010054         -149.927935
 505           252.50             287.37          -149.917816            0.008190         -149.926006
 506           253.00             225.91          -149.917730            0.006439         -149.924169
 507           253.50             194.58          -149.917659            0.005546         -149.923205
 508           254.00             203.98          -149.917628            0.005814         -149.923442
 509           254.50             246.03          -149.917645            0.007012         -149.924657
 510           255.00             298.40          -149.917695            0.008505         -149.926200
 511           255.50             335.15          -149.917749            0.009552         -149.927301
 512           256.00             339.26          -149.917770            0.009669         -149.927439
 513           256.50             312.06          -149.917740            0.008894         -149.926634
 514           257.00             274.00          -149.917673            0.007809         -149.925482
 515           257.50             254.09          -149.917613            0.007242         -149.924855
 516           258.00             270.91          -149.917612            0.007721         -149.925334
 517           258.50             317.06          -149.917681            0.009037         -149.926718
 518           259.00             362.15          -149.917775            0.010322         -149.928097
 519           259.50             374.72          -149.917831            0.010680         -149.928511
 520           260.00             344.41          -149.917822            0.009816         -149.927638
 521           260.50             286.69          -149.917759            0.008171         -149.925930
 522           261.00             230.73          -149.917675            0.006576         -149.924251
 523           261.50             202.49          -149.917608            0.005771         -149.923379
 524           262.00             212.96          -149.917579            0.006070         -149.923649
 525           262.50             254.94          -149.917597            0.007266         -149.924863
 526           263.00             307.72          -149.917649            0.008771         -149.926419
 527           263.50             346.99          -149.917707            0.009890         -149.927597
 528           264.00             355.64          -149.917742            0.010136         -149.927878
 529           264.50             332.09          -149.917731            0.009465         -149.927196
 530           265.00             293.07          -149.917675            0.008353         -149.926028
 531           265.50             266.80          -149.917614            0.007604         -149.925218
 532           266.00             275.05          -149.917607            0.007839         -149.925447
 533           266.50             314.30          -149.917672            0.008958         -149.926630
 534           267.00             355.61          -149.917763            0.010135         -149.927899
 535           267.50             367.08          -149.917817            0.010462         -149.928279
 536           268.00             337.79          -149.917805            0.009627         -149.927432
 537           268.50             282.85          -149.917741            0.008061         -149.925802
 538           269.00             230.66          -149.917660            0.006574         -149.924234
 539           269.50             205.89          -149.917596            0.005868         -149.923464
 540           270.00             218.44          -149.917571            0.006226         -149.923797
 541           270.50             261.33          -149.917589            0.007448         -149.925037
 542           271.00             315.41          -149.917641            0.008990         -149.926630
 543           271.50             357.70          -149.917706            0.010195         -149.927901
 544           272.00             369.90          -149.917757            0.010543         -149.928299
 545           272.50             346.32          -149.917761            0.009870         -149.927631
 546           273.00             300.03          -149.917706            0.008551         -149.926257
 547           273.50             260.87          -149.917628            0.007435         -149.925063
 548           274.00             257.57          -149.917600            0.007341         -149.924941
 549           274.50             293.20          -149.917653            0.008357         -149.926010
 550           275.00             339.69          -149.917745            0.009682         -149.927427
 551           275.50             361.02          -149.917805            0.010289         -149.928094
 552           276.00             341.25          -149.917799            0.009726         -149.927525
 553           276.50             292.37          -149.917741            0.008333         -149.926074
 554           277.00             241.88          -149.917664            0.006894         -149.924558
 555           277.50             215.26          -149.917601            0.006135         -149.923736
 556           278.00             224.76          -149.917573            0.006406         -149.923979
 557           278.50             266.44          -149.917588            0.007594         -149.925182
 558           279.00             323.33          -149.917645            0.009215         -149.926860
 559           279.50             371.57          -149.917726            0.010590         -149.928316
 560           280.00             388.55          -149.917796            0.011074         -149.928870
 561           280.50             363.99          -149.917810            0.010374         -149.928184
 562           281.00             310.48          -149.917751            0.008849         -149.926600
 563           281.50             262.11          -149.917663            0.007470         -149.925134
 564           282.00             252.30          -149.917630            0.007191         -149.924820
 565           282.50             285.66          -149.917682            0.008142         -149.925824
 566           283.00             332.92          -149.917774            0.009489         -149.927262
 567           283.50             356.65          -149.917832            0.010165         -149.927997
 568           284.00             340.25          -149.917827            0.009698         -149.927525
 569           284.50             295.10          -149.917773            0.008411         -149.926184
 570           285.00             247.68          -149.917701            0.007059         -149.924760
 571           285.50             222.64          -149.917641            0.006345         -149.923987
 572           286.00             232.26          -149.917614            0.006620         -149.924234
 573           286.50             273.75          -149.917631            0.007802         -149.925433
 574           287.00             331.23          -149.917692            0.009440         -149.927133
 575           287.50             380.31          -149.917782            0.010839         -149.928621
 576           288.00             396.00          -149.917860            0.011287         -149.929147
 577           288.50             365.86          -149.917874            0.010428         -149.928301
 578           289.00             303.58          -149.917802            0.008653         -149.926455
 579           289.50             247.73          -149.917699            0.007061         -149.924760
 580           290.00             236.18          -149.917657            0.006731         -149.924388
 581           290.50             274.20          -149.917710            0.007815         -149.925525
 582           291.00             329.49          -149.917807            0.009391         -149.927198
 583           291.50             360.72          -149.917872            0.010281         -149.928153
 584           292.00             348.70          -149.917872            0.009938         -149.927810
 585           292.50             304.09          -149.917820            0.008667         -149.926487
 586           293.00             254.47          -149.917746            0.007253         -149.924999
 587           293.50             226.98          -149.917683            0.006469         -149.924153
 588           294.00             236.63          -149.917656            0.006744         -149.924400
 589           294.50             281.72          -149.917680            0.008029         -149.925709
 590           295.00             344.39          -149.917756            0.009816         -149.927572
 591           295.50             396.03          -149.917861            0.011287         -149.929148
 592           296.00             408.61          -149.917943            0.011646         -149.929589
 593           296.50             370.95          -149.917949            0.010573         -149.928521
 594           297.00             301.34          -149.917868            0.008589         -149.926457
 595           297.50             241.89          -149.917763            0.006894         -149.924657
 596           298.00             230.24          -149.917723            0.006562         -149.924285
 597           298.50             269.39          -149.917776            0.007678         -149.925454
 598           299.00             325.89          -149.917870            0.009288         -149.927158
 599           299.50             358.89          -149.917933            0.010229         -149.928162
 600           300.00             349.75          -149.917935            0.009968         -149.927903
 601           300.50             308.64          -149.917888            0.008797         -149.926684
 602           301.00             262.02          -149.917820            0.007468         -149.925288
 603           301.50             236.11          -149.917762            0.006729         -149.924491
 604           302.00             245.65          -149.917738            0.007001         -149.924739
 605           302.50             288.96          -149.917766            0.008236         -149.926002
 606           303.00             348.10          -149.917844            0.009921         -149.927766
 607           303.50             394.39          -149.917946            0.011240         -149.929187
 608           304.00             400.64          -149.918020            0.011419         -149.929439
 609           304.50             358.02          -149.918014            0.010204         -149.928218
 610           305.00             287.50          -149.917925            0.008194         -149.926119
 611           305.50             231.79          -149.917820            0.006606         -149.924427
 612           306.00             226.16          -149.917785            0.006446         -149.924231
 613           306.50             270.26          -149.917841            0.007703         -149.925544
 614           307.00             328.94          -149.917935            0.009375         -149.927310
 615           307.50             361.81          -149.917997            0.010312         -149.928309
 616           308.00             351.55          -149.917997            0.010020         -149.928017
 617           308.50             309.78          -149.917948            0.008829         -149.926777
 618           309.00             264.31          -149.917880            0.007533         -149.925413
 619           309.50             241.94          -149.917826            0.006896         -149.924722
 620           310.00             256.39          -149.917814            0.007307         -149.925121
 621           310.50             303.20          -149.917855            0.008642         -149.926496
 622           311.00             361.48          -149.917941            0.010303         -149.928244
 623           311.50             401.96          -149.918041            0.011456         -149.929498
 624           312.00             400.41          -149.918106            0.011412         -149.929518
 625           312.50             352.39          -149.918092            0.010043         -149.928135
 626           313.00             280.94          -149.918003            0.008007         -149.926011
 627           313.50             227.00          -149.917903            0.006470         -149.924372
 628           314.00             222.53          -149.917868            0.006343         -149.924210
 629           314.50             266.13          -149.917919            0.007585         -149.925504
 630           315.00             324.31          -149.918007            0.009243         -149.927250
 631           315.50             358.66          -149.918067            0.010222         -149.928289
 632           316.00             352.15          -149.918071            0.010037         -149.928108
 633           316.50             315.01          -149.918028            0.008978         -149.927006
 634           317.00             272.95          -149.917967            0.007779         -149.925747
 635           317.50             251.04          -149.917920            0.007155         -149.925075
 636           318.00             262.14          -149.917909            0.007471         -149.925380
 637           318.50             302.12          -149.917946            0.008611         -149.926557
 638           319.00             351.87          -149.918022            0.010029         -149.928051
 639           319.50             385.21          -149.918107            0.010979         -149.929087
 640           320.00             381.37          -149.918158            0.010869         -149.929028
 641           320.50             337.65          -149.918140            0.009624         -149.927764
 642           321.00             275.27          -149.918059            0.007846         -149.925905
 643           321.50             230.00          -149.917970            0.006555         -149.924525
 644           322.00             228.84          -149.917940            0.006522         -149.924462
 645           322.50             269.48          -149.917985            0.007681         -149.925665
 646           323.00             322.05          -149.918062            0.009179         -149.927241
 647           323.50             352.83          -149.918115            0.010056         -149.928171
 648           324.00             347.39          -149.918117            0.009901         -149.928019
 649           324.50             315.61          -149.918080            0.008995         -149.927075
 650           325.00             280.81          -149.918029            0.008003         -149.926033
 651           325.50             264.84          -149.917994            0.007548         -149.925542
 652           326.00             277.78          -149.917993            0.007917         -149.925910
 653           326.50             314.47          -149.918034            0.008963         -149.926997
 654           327.00             357.27          -149.918106            0.010183         -149.928289
 655           327.50             383.37          -149.918184            0.010926         -149.929111
 656           328.00             375.13          -149.918229            0.010692         -149.928921
 657           328.50             330.80          -149.918211            0.009428         -149.927639
 658           329.00             269.79          -149.918132            0.007689         -149.925822
 659           329.50             225.24          -149.918043            0.006420         -149.924463
 660           330.00             223.18          -149.918008            0.006361         -149.924369
 661           330.50             262.71          -149.918046            0.007488         -149.925533
 662           331.00             316.00          -149.918119            0.009006         -149.927125
 663           331.50             350.06          -149.918173            0.009977         -149.928150
 664           332.00             349.26          -149.918180            0.009954         -149.928135
 665           332.50             321.10          -149.918150            0.009152         -149.927302
 666           333.00             286.66          -149.918104            0.008170         -149.926274
 667           333.50             266.72          -149.918068            0.007602         -149.925670
 668           334.00             272.10          -149.918060            0.007755         -149.925815
 669           334.50             300.22          -149.918087            0.008557         -149.926643
 670           335.00             337.10          -149.918143            0.009608         -149.927750
 671           335.50             363.15          -149.918208            0.010350         -149.928558
 672           336.00             361.70          -149.918251            0.010309         -149.928560
 673           336.50             328.44          -149.918242            0.009361         -149.927603
 674           337.00             277.34          -149.918178            0.007905         -149.926082
 675           337.50             236.15          -149.918097            0.006731         -149.924828
 676           338.00             229.48          -149.918056            0.006540         -149.924596
 677           338.50             260.40          -149.918080            0.007422         -149.925501
 678           339.00             307.74          -149.918141            0.008771         -149.926912
 679           339.50             342.72          -149.918193            0.009768         -149.927961
 680           340.00             348.91          -149.918210            0.009944         -149.928154
 681           340.50             329.57          -149.918192            0.009393         -149.927586
 682           341.00             301.31          -149.918158            0.008588         -149.926746
 683           341.50             282.64          -149.918130            0.008056         -149.926185
 684           342.00             284.75          -149.918124            0.008116         -149.926239
 685           342.50             307.24          -149.918149            0.008757         -149.926906
 686           343.00             338.47          -149.918203            0.009647         -149.927850
 687           343.50             360.25          -149.918267            0.010268         -149.928535
 688           344.00             356.01          -149.918308            0.010147         -149.928454
 689           344.50             321.00          -149.918295            0.009149         -149.927444
 690           345.00             268.97          -149.918226            0.007666         -149.925893
 691           345.50             227.83          -149.918141            0.006494         -149.924635
 692           346.00             222.36          -149.918098            0.006338         -149.924435
 693           346.50             255.49          -149.918120            0.007282         -149.925402
 694           347.00             305.50          -149.918181            0.008707         -149.926888
 695           347.50             342.78          -149.918235            0.009770         -149.928005
 696           348.00             349.87          -149.918254            0.009972         -149.928226
 697           348.50             329.12          -149.918237            0.009380         -149.927618
 698           349.00             296.88          -149.918199            0.008462         -149.926661
 699           349.50             272.53          -149.918162            0.007767         -149.925929
 700           350.00             269.27          -149.918143            0.007675         -149.925818
 701           350.50             289.19          -149.918157            0.008242         -149.926399
 702           351.00             322.51          -149.918202            0.009192         -149.927394
 703           351.50             351.09          -149.918265            0.010007         -149.928272
 704           352.00             356.25          -149.918313            0.010154         -149.928466
 705           352.50             329.54          -149.918311            0.009392         -149.927703
 706           353.00             281.07          -149.918252            0.008011         -149.926263
 707           353.50             237.26          -149.918168            0.006762         -149.924930
 708           354.00             224.83          -149.918116            0.006408         -149.924524
 709           354.50             251.48          -149.918127            0.007168         -149.925295
 710           355.00             299.95          -149.918185            0.008549         -149.926734
 711           355.50             341.36          -149.918245            0.009729         -149.927974
 712           356.00             355.30          -149.918275            0.010127         -149.928401
 713           356.50             340.32          -149.918267            0.009699         -149.927967
 714           357.00             310.68          -149.918236            0.008855         -149.927091
 715           357.50             285.88          -149.918203            0.008148         -149.926351
 716           358.00             280.19          -149.918188            0.007986         -149.926174
 717           358.50             296.35          -149.918205            0.008446         -149.926652
 718           359.00             324.59          -149.918252            0.009251         -149.927504
 719           359.50             346.88          -149.918311            0.009887         -149.928197
 720           360.00             345.89          -149.918348            0.009858         -149.928206
 721           360.50             315.76          -149.918335            0.009000         -149.927335
 722           361.00             268.64          -149.918270            0.007657         -149.925927
 723           361.50             230.30          -149.918190            0.006564         -149.924754
 724           362.00             224.10          -149.918145            0.006387         -149.924532
 725           362.50             254.00          -149.918160            0.007239         -149.925399
 726           363.00             301.26          -149.918215            0.008586         -149.926802
 727           363.50             338.30          -149.918269            0.009642         -149.927911
 728           364.00             347.09          -149.918291            0.009892         -149.928184
 729           364.50             327.93          -149.918276            0.009346         -149.927623
 730           365.00             295.94          -149.918237            0.008435         -149.926672
 731           365.50             270.91          -149.918197            0.007721         -149.925918
 732           366.00             267.17          -149.918176            0.007615         -149.925791
 733           366.50             287.29          -149.918190            0.008188         -149.926378
 734           367.00             320.81          -149.918237            0.009144         -149.927381
 735           367.50             348.60          -149.918298            0.009935         -149.928234
 736           368.00             352.18          -149.918340            0.010037         -149.928377
 737           368.50             324.88          -149.918332            0.009259         -149.927592
 738           369.00             278.32          -149.918273            0.007932         -149.926206
 739           369.50             237.95          -149.918196            0.006782         -149.924978
 740           370.00             227.61          -149.918149            0.006487         -149.924637
 741           370.50             253.18          -149.918159            0.007216         -149.925375
 742           371.00             298.51          -149.918211            0.008508         -149.926719
 743           371.50             337.29          -149.918267            0.009613         -149.927880
 744           372.00             350.64          -149.918295            0.009994         -149.928289
 745           372.50             336.84          -149.918288            0.009600         -149.927889
 746           373.00             309.01          -149.918259            0.008807         -149.927066
 747           373.50             285.42          -149.918227            0.008135         -149.926362
 748           374.00             279.37          -149.918213            0.007962         -149.926176
 749           374.50             293.04          -149.918228            0.008352         -149.926581
 750           375.00             316.95          -149.918269            0.009033         -149.927302
 751           375.50             334.93          -149.918315            0.009546         -149.927860
 752           376.00             332.90          -149.918339            0.009488         -149.927827
 753           376.50             307.63          -149.918324            0.008768         -149.927092
 754           377.00             270.25          -149.918271            0.007702         -149.925973
 755           377.50             240.84          -149.918209            0.006864         -149.925073
 756           378.00             236.19          -149.918173            0.006732         -149.924905
 757           378.50             258.58          -149.918180            0.007370         -149.925550
 758           379.00             294.31          -149.918218            0.008388         -149.926606
 759           379.50             323.06          -149.918257            0.009208         -149.927464
 760           380.00             330.86          -149.918273            0.009430         -149.927703
 761           380.50             317.42          -149.918260            0.009047         -149.927306
 762           381.00             294.34          -149.918228            0.008389         -149.926617
 763           381.50             277.22          -149.918197            0.007901         -149.926098
 764           382.00             277.01          -149.918184            0.007895         -149.926080
 765           382.50             294.46          -149.918201            0.008392         -149.926593
 766           383.00             319.94          -149.918241            0.009119         -149.927359
 767           383.50             338.35          -149.918285            0.009643         -149.927928
 768           384.00             337.33          -149.918310            0.009614         -149.927924
 769           384.50             314.53          -149.918300            0.008965         -149.927265
 770           385.00             279.68          -149.918259            0.007971         -149.926230
 771           385.50             249.84          -149.918205            0.007121         -149.925326
 772           386.00             240.33          -149.918167            0.006850         -149.925017
 773           386.50             255.99          -149.918163            0.007296         -149.925459
 774           387.00             288.01          -149.918192            0.008209         -149.926401
 775           387.50             319.08          -149.918232            0.009094         -149.927326
 776           388.00             334.00          -149.918258            0.009520         -149.927777
 777           388.50             328.42          -149.918258            0.009360         -149.927618
 778           389.00             309.78          -149.918238            0.008829         -149.927067
 779           389.50             291.33          -149.918213            0.008303         -149.926517
 780           390.00             283.93          -149.918201            0.008092         -149.926294
 781           390.50             290.38          -149.918209            0.008276         -149.926485
 782           391.00             304.79          -149.918232            0.008687         -149.926919
 783           391.50             316.70          -149.918259            0.009026         -149.927285
 784           392.00             317.32          -149.918273            0.009044         -149.927317
 785           392.50             304.30          -149.918267            0.008673         -149.926940
 786           393.00             282.44          -149.918242            0.008050         -149.926292
 787           393.50             261.04          -149.918205            0.007440         -149.925645
 788           394.00             249.84          -149.918169            0.007121         -149.925290
 789           394.50             254.65          -149.918150            0.007258         -149.925408
 790           395.00             273.46          -149.918157            0.007794         -149.925951
 791           395.50             296.38          -149.918179            0.008447         -149.926627
 792           396.00             311.57          -149.918198            0.008880         -149.927078
 793           396.50             313.06          -149.918198            0.008923         -149.927121
 794           397.00             304.00          -149.918184            0.008664         -149.926848
 795           397.50             293.46          -149.918165            0.008364         -149.926529
 796           398.00             289.86          -149.918156            0.008261         -149.926417
 797           398.50             296.00          -149.918163            0.008436         -149.926599
 798           399.00             308.12          -149.918182            0.008782         -149.926964
 799           399.50             318.80          -149.918206            0.009086         -149.927292
 800           400.00             321.17          -149.918224            0.009154         -149.927378
 801           400.50             311.72          -149.918230            0.008884         -149.927114
 802           401.00             291.51          -149.918216            0.008308         -149.926525
 803           401.50             266.93          -149.918180            0.007608         -149.925788
 804           402.00             249.09          -149.918135            0.007099         -149.925234
 805           402.50             248.71          -149.918105            0.007088         -149.925193
 806           403.00             267.92          -149.918109            0.007636         -149.925745
 807           403.50             296.80          -149.918140            0.008459         -149.926599
 808           404.00             319.67          -149.918171            0.009111         -149.927282
 809           404.50             325.95          -149.918183            0.009290         -149.927473
 810           405.00             316.14          -149.918173            0.009010         -149.927184
 811           405.50             299.38          -149.918153            0.008533         -149.926686
 812           406.00             286.33          -149.918136            0.008161         -149.926297
 813           406.50             283.13          -149.918130            0.008070         -149.926199
 814           407.00             289.54          -149.918135            0.008252         -149.926387
 815           407.50             300.71          -149.918148            0.008571         -149.926719
 816           408.00             310.01          -149.918166            0.008836         -149.927002
 817           408.50             310.97          -149.918181            0.008863         -149.927044
 818           409.00             299.29          -149.918181            0.008530         -149.926711
 819           409.50             276.33          -149.918153            0.007876         -149.926028
 820           410.00             251.78          -149.918101            0.007176         -149.925277
 821           410.50             239.93          -149.918054            0.006838         -149.924892
 822           411.00             249.41          -149.918039            0.007108         -149.925147
 823           411.50             275.58          -149.918057            0.007854         -149.925911
 824           412.00             303.70          -149.918087            0.008656         -149.926742
 825           412.50             319.87          -149.918105            0.009117         -149.927222
 826           413.00             319.66          -149.918105            0.009111         -149.927215
 827           413.50             308.43          -149.918091            0.008791         -149.926882
 828           414.00             295.85          -149.918076            0.008432         -149.926508
 829           414.50             289.82          -149.918067            0.008260         -149.926327
 830           415.00             293.19          -149.918070            0.008356         -149.926426
 831           415.50             303.34          -149.918085            0.008646         -149.926731
 832           416.00             313.45          -149.918110            0.008934         -149.927043
 833           416.50             314.93          -149.918131            0.008976         -149.927107
 834           417.00             301.89          -149.918131            0.008604         -149.926735
 835           417.50             276.49          -149.918099            0.007880         -149.925979
 836           418.00             250.59          -149.918044            0.007142         -149.925186
 837           418.50             239.76          -149.917999            0.006834         -149.924832
 838           419.00             252.17          -149.917988            0.007187         -149.925175
 839           419.50             281.59          -149.918012            0.008026         -149.926038
 840           420.00             311.52          -149.918048            0.008879         -149.926927
 841           420.50             326.91          -149.918070            0.009317         -149.927387
 842           421.00             323.14          -149.918069            0.009210         -149.927279
 843           421.50             306.54          -149.918051            0.008737         -149.926788
 844           422.00             288.52          -149.918028            0.008223         -149.926251
 845           422.50             278.75          -149.918011            0.007945         -149.925956
 846           423.00             281.33          -149.918007            0.008018         -149.926025
 847           423.50             293.89          -149.918019            0.008376         -149.926395
 848           424.00             308.77          -149.918044            0.008800         -149.926844
 849           424.50             315.58          -149.918069            0.008994         -149.927064
 850           425.00             306.07          -149.918076            0.008723         -149.926799
 851           425.50             280.17          -149.918047            0.007985         -149.926032
 852           426.00             248.97          -149.917988            0.007096         -149.925084
 853           426.50             230.26          -149.917928            0.006563         -149.924491
 854           427.00             236.94          -149.917901            0.006753         -149.924654
 855           427.50             266.99          -149.917917            0.007610         -149.925527
 856           428.00             304.17          -149.917957            0.008669         -149.926626
 857           428.50             329.55          -149.917991            0.009393         -149.927383
 858           429.00             333.57          -149.918000            0.009507         -149.927508
 859           429.50             319.82          -149.917988            0.009115         -149.927103
 860           430.00             300.01          -149.917966            0.008551         -149.926517
 861           430.50             286.05          -149.917949            0.008153         -149.926102
 862           431.00             284.17          -149.917945            0.008099         -149.926045
 863           431.50             293.00          -149.917957            0.008351         -149.926308
 864           432.00             305.33          -149.917979            0.008702         -149.926681
 865           432.50             311.71          -149.918001            0.008884         -149.926885
 866           433.00             304.84          -149.918008            0.008688         -149.926697
 867           433.50             283.71          -149.917988            0.008086         -149.926074
 868           434.00             256.38          -149.917939            0.007307         -149.925246
 869           434.50             238.09          -149.917882            0.006786         -149.924668
 870           435.00             242.23          -149.917852            0.006904         -149.924756
 871           435.50             269.36          -149.917866            0.007677         -149.925543
 872           436.00             305.08          -149.917907            0.008695         -149.926602
 873           436.50             330.17          -149.917943            0.009410         -149.927353
 874           437.00             333.89          -149.917953            0.009516         -149.927469
 875           437.50             319.12          -149.917939            0.009095         -149.927035
 876           438.00             297.66          -149.917915            0.008484         -149.926399
 877           438.50             281.77          -149.917895            0.008031         -149.925926
 878           439.00             278.16          -149.917886            0.007928         -149.925814
 879           439.50             286.22          -149.917892            0.008158         -149.926050
 880           440.00             299.65          -149.917910            0.008540         -149.926450
 881           440.50             309.23          -149.917933            0.008813         -149.926746
 882           441.00             306.00          -149.917947            0.008721         -149.926669
 883           441.50             285.83          -149.917933            0.008146         -149.926079
 884           442.00             254.91          -149.917879            0.007265         -149.925144
 885           442.50             230.67          -149.917807            0.006574         -149.924381
 886           443.00             231.79          -149.917764            0.006606         -149.924370
 887           443.50             262.55          -149.917777            0.007483         -149.925260
 888           444.00             307.09          -149.917830            0.008752         -149.926582
 889           444.50             341.16          -149.917879            0.009723         -149.927603
 890           445.00             349.72          -149.917900            0.009967         -149.927867
 891           445.50             334.34          -149.917892            0.009529         -149.927421
 892           446.00             307.89          -149.917869            0.008775         -149.926645
 893           446.50             284.63          -149.917847            0.008112         -149.925959
 894           447.00             273.47          -149.917832            0.007794         -149.925626
 895           447.50             276.54          -149.917828            0.007882         -149.925710
 896           448.00             290.33          -149.917839            0.008275         -149.926114
 897           448.50             306.35          -149.917868            0.008731         -149.926599
 898           449.00             312.30          -149.917898            0.008901         -149.926799
 899           449.50             298.05          -149.917898            0.008495         -149.926393
 900           450.00             265.97          -149.917846            0.007581         -149.925426
 901           450.50             235.23          -149.917765            0.006704         -149.924469
 902           451.00             230.07          -149.917713            0.006557         -149.924270
 903           451.50             259.03          -149.917725            0.007383         -149.925108
 904           452.00             306.15          -149.917783            0.008726         -149.926509
 905           452.50             344.07          -149.917839            0.009806         -149.927645
 906           453.00             354.85          -149.917863            0.010114         -149.927977
 907           453.50             338.91          -149.917856            0.009659         -149.927515
 908           454.00             309.39          -149.917832            0.008818         -149.926650
 909           454.50             281.65          -149.917804            0.008027         -149.925832
 910           455.00             266.41          -149.917781            0.007593         -149.925374
 911           455.50             267.92          -149.917769            0.007636         -149.925405
 912           456.00             283.87          -149.917779            0.008091         -149.925870
 913           456.50             304.59          -149.917813            0.008681         -149.926495
 914           457.00             314.30          -149.917851            0.008958         -149.926809
 915           457.50             299.73          -149.917851            0.008543         -149.926394
 916           458.00             263.75          -149.917789            0.007517         -149.925306
 917           458.50             229.95          -149.917696            0.006554         -149.924250
 918           459.00             226.95          -149.917642            0.006468         -149.924111
 919           459.50             263.29          -149.917666            0.007504         -149.925170
 920           460.00             318.69          -149.917740            0.009083         -149.926823
 921           460.50             361.23          -149.917808            0.010296         -149.928103
 922           461.00             371.01          -149.917839            0.010574         -149.928413
 923           461.50             348.99          -149.917833            0.009947         -149.927780
 924           462.00             310.38          -149.917804            0.008846         -149.926651
 925           462.50             273.71          -149.917766            0.007801         -149.925567
 926           463.00             253.58          -149.917731            0.007227         -149.924958
 927           463.50             257.24          -149.917715            0.007332         -149.925046
 928           464.00             281.92          -149.917734            0.008035         -149.925768
 929           464.50             312.89          -149.917786            0.008918         -149.926704
 930           465.00             327.69          -149.917837            0.009340         -149.927177
 931           465.50             309.98          -149.917836            0.008835         -149.926671
 932           466.00             265.79          -149.917762            0.007575         -149.925337
 933           466.50             225.35          -149.917658            0.006423         -149.924080
 934           467.00             221.89          -149.917603            0.006324         -149.923927
 935           467.50             263.28          -149.917636            0.007504         -149.925139
 936           468.00             324.84          -149.917719            0.009258         -149.926977
 937           468.50             370.60          -149.917793            0.010563         -149.928355
 938           469.00             379.32          -149.917825            0.010811         -149.928636
 939           469.50             352.88          -149.917817            0.010058         -149.927875
 940           470.00             308.47          -149.917783            0.008792         -149.926575
 941           470.50             266.91          -149.917737            0.007607         -149.925344
 942           471.00             244.82          -149.917695            0.006978         -149.924673
 943           471.50             250.22          -149.917677            0.007132         -149.924809
 944           472.00             278.93          -149.917700            0.007950         -149.925650
 945           472.50             313.24          -149.917758            0.008928         -149.926685
 946           473.00             328.39          -149.917808            0.009360         -149.927168
 947           473.50             308.85          -149.917799            0.008803         -149.926602
 948           474.00             264.21          -149.917717            0.007530         -149.925247
 949           474.50             227.65          -149.917616            0.006488         -149.924104
 950           475.00             231.44          -149.917575            0.006596         -149.924171
 951           475.50             279.15          -149.917623            0.007956         -149.925579
 952           476.00             342.34          -149.917717            0.009757         -149.927474
 953           476.50             384.24          -149.917795            0.010951         -149.928747
 954           477.00             385.04          -149.917827            0.010974         -149.928801
 955           477.50             349.26          -149.917811            0.009954         -149.927766
 956           478.00             297.47          -149.917766            0.008478         -149.926244
 957           478.50             253.92          -149.917710            0.007237         -149.924947
 958           479.00             236.81          -149.917668            0.006749         -149.924417
 959           479.50             251.92          -149.917663            0.007180         -149.924843
 960           480.00             289.36          -149.917703            0.008247         -149.925950
 961           480.50             325.78          -149.917769            0.009285         -149.927054
 962           481.00             335.37          -149.917814            0.009559         -149.927373
 963           481.50             307.19          -149.917791            0.008755         -149.926546
 964           482.00             257.49          -149.917699            0.007339         -149.925037
 965           482.50             223.02          -149.917599            0.006356         -149.923955
 966           483.00             234.02          -149.917570            0.006670         -149.924240
 967           483.50             288.67          -149.917631            0.008228         -149.925858
 968           484.00             354.22          -149.917730            0.010096         -149.927826
 969           484.50             393.25          -149.917808            0.011208         -149.929016
 970           485.00             388.12          -149.917835            0.011062         -149.928897
 971           485.50             346.16          -149.917814            0.009866         -149.927680
 972           486.00             290.22          -149.917761            0.008272         -149.926033
 973           486.50             245.68          -149.917701            0.007002         -149.924704
 974           487.00             230.42          -149.917659            0.006567         -149.924227
 975           487.50             248.49          -149.917657            0.007082         -149.924739
 976           488.00             287.76          -149.917698            0.008202         -149.925899
 977           488.50             324.07          -149.917759            0.009236         -149.926996
 978           489.00             333.37          -149.917796            0.009501         -149.927298
 979           489.50             307.84          -149.917770            0.008774         -149.926544
 980           490.00             264.95          -149.917687            0.007551         -149.925239
 981           490.50             238.48          -149.917607            0.006797         -149.924404
 982           491.00             253.46          -149.917594            0.007224         -149.924818
 983           491.50             305.14          -149.917660            0.008697         -149.926357
 984           492.00             362.27          -149.917757            0.010325         -149.928082
 985           492.50             391.21          -149.917827            0.011150         -149.928978
 986           493.00             377.92          -149.917845            0.010771         -149.928616
 987           493.50             332.42          -149.917815            0.009474         -149.927289
 988           494.00             278.95          -149.917758            0.007950         -149.925709
 989           494.50             242.09          -149.917704            0.006900         -149.924603
 990           495.00             236.19          -149.917675            0.006732         -149.924406
 991           495.50             260.24          -149.917685            0.007417         -149.925102
 992           496.00             298.63          -149.917731            0.008511         -149.926242
 993           496.50             328.02          -149.917785            0.009349         -149.927134
 994           497.00             329.37          -149.917808            0.009388         -149.927196
 995           497.50             300.65          -149.917774            0.008569         -149.926342
 996           498.00             261.68          -149.917694            0.007458         -149.925152
 997           498.50             243.43          -149.917627            0.006938         -149.924565
 998           499.00             265.12          -149.917627            0.007556         -149.925184
 999           499.50             317.74          -149.917698            0.009056         -149.926754
1000           500.00             370.06          -149.917792            0.010547         -149.928339
